minute_idx,Herren WC 5. OG,Küche 5. OG,Treppenhaus 5. OG,Übergang
1249,0,0,0,1
1250,0,0,1,0
1251,0,0,1,0
1252,0,0,1,0
1253,0,0,1,0
1254,0,0,1,0
1255,0,0,1,0
1256,0,0,1,0
1257,0,0,1,0
1258,0,0,1,0
1259,0,0,1,0
1260,0,0,1,0
1261,0,0,1,0
1262,0,0,1,0
1263,0,0,1,0
1264,0,0,1,0
1265,0,0,1,0
1266,0,0,1,0
1267,0,0,1,0
1268,0,0,1,0
1269,0,0,1,0
1270,0,0,1,0
1271,0,0,1,0
1272,0,0,1,0
1273,0,0,1,0
1274,0,0,1,0
1275,0,0,1,0
1276,1,0,0,0
1277,1,0,0,0
1278,1,0,0,0
1279,1,0,0,0
1280,1,0,0,0
1281,1,0,0,0
1282,1,0,0,0
1283,1,0,0,0
1284,1,0,0,0
1285,1,0,0,0
1286,1,0,0,0
1287,1,0,0,0
1288,1,0,0,0
1289,1,0,0,0
1290,1,0,0,0
1291,1,0,0,0
1292,1,0,0,0
1293,1,0,0,0
1294,1,0,0,0
1295,1,0,0,0
1296,1,0,0,0
1297,1,0,0,0
1298,1,0,0,0
1299,1,0,0,0
1300,1,0,0,0
1301,1,0,0,0
1302,1,0,0,0
1303,1,0,0,0
1304,1,0,0,0
1305,1,0,0,0
1306,0,0,1,0
1307,0,0,1,0
1308,0,0,1,0
1309,0,0,1,0
1310,0,0,1,0
1311,0,0,1,0
1312,0,0,1,0
1313,0,0,1,0
1314,0,0,1,0
1315,0,0,1,0
1316,0,0,1,0
1317,0,0,1,0
1318,0,0,1,0
1319,0,0,1,0
1320,0,0,1,0
1321,0,0,1,0
1322,0,0,1,0
1323,0,0,1,0
1324,0,0,1,0
1325,0,0,1,0
1326,0,0,1,0
1327,0,0,1,0
1328,0,0,1,0
1329,0,0,1,0
1330,0,0,1,0
1331,0,0,1,0
1332,0,0,1,0
1333,0,0,1,0
1334,0,0,1,0
1335,0,0,1,0
1336,0,0,1,0
1337,0,0,1,0
1338,0,0,1,0
1339,0,0,1,0
1340,0,0,1,0
1341,0,0,1,0
1342,0,0,1,0
1343,0,0,1,0
1344,0,0,1,0
1345,0,0,1,0
1346,0,0,1,0
1347,0,0,1,0
1348,0,0,1,0
1349,0,0,1,0
1350,0,0,1,0
1351,0,0,1,0
1352,0,0,1,0
1353,0,0,1,0
1354,0,0,1,0
1355,0,0,1,0
1356,0,0,1,0
1357,0,0,1,0
1358,0,0,1,0
1359,0,0,1,0
1360,0,0,1,0
1361,0,0,1,0
1362,0,0,1,0
1363,0,0,1,0
1364,0,0,1,0
1365,0,0,1,0
1366,0,0,1,0
1367,0,0,1,0
1368,0,0,1,0
1369,0,0,1,0
1370,0,0,1,0
1371,0,0,1,0
1372,0,0,1,0
1373,0,0,1,0
1374,0,0,1,0
1375,0,0,1,0
1376,0,0,1,0
1377,0,0,1,0
1378,0,0,1,0
1379,0,0,1,0
1380,0,0,1,0
1381,0,0,1,0
1382,0,0,1,0
1383,0,0,1,0
1384,0,0,1,0
1385,0,0,1,0
1386,0,0,1,0
1387,0,0,1,0
1388,0,0,1,0
1389,0,0,1,0
1390,0,0,1,0
1391,0,0,1,0
1392,0,0,1,0
1393,0,0,1,0
1394,0,0,1,0
1395,0,0,1,0
1396,0,0,1,0
1397,0,0,1,0
1398,0,0,1,0
1399,0,0,1,0
1400,0,0,1,0
1401,0,0,1,0
1402,0,0,1,0
1403,0,0,1,0
1404,0,0,1,0
1405,0,0,1,0
1406,0,0,1,0
1407,0,0,1,0
1408,0,0,1,0
1409,0,0,1,0
1410,0,0,1,0
1411,0,0,1,0
1412,0,0,1,0
1413,0,0,1,0
1414,0,0,1,0
1415,0,0,1,0
1416,0,0,1,0
1417,0,0,1,0
1418,0,0,1,0
1419,0,0,1,0
1420,0,0,1,0
1421,0,0,1,0
1422,0,0,1,0
1423,0,0,1,0
1424,0,0,1,0
1425,0,0,1,0
1426,0,0,1,0
1427,0,0,1,0
1428,0,0,1,0
1429,0,0,1,0
1430,0,0,1,0
1431,0,0,1,0
1432,0,0,1,0
1433,0,0,1,0
1434,0,0,1,0
1435,0,0,1,0
1436,0,0,1,0
1437,0,0,1,0
1438,0,0,1,0
1439,0,0,1,0
1440,0,0,1,0
1441,0,0,1,0
1442,0,0,1,0
1443,0,0,1,0
1444,0,0,1,0
1445,0,0,1,0
1446,0,0,1,0
1447,0,0,1,0
1448,0,0,1,0
1449,0,0,1,0
1450,0,0,1,0
1451,0,0,1,0
1452,0,0,1,0
1453,0,0,1,0
1454,0,0,1,0
1455,0,0,1,0
1456,0,0,1,0
1457,0,0,1,0
1458,0,0,1,0
1459,0,0,1,0
1460,0,0,1,0
1461,0,0,1,0
1462,0,0,1,0
1463,0,0,1,0
1464,0,0,1,0
1465,0,0,1,0
1466,0,0,1,0
1467,0,0,1,0
1468,0,0,1,0
1469,0,0,1,0
1470,0,0,1,0
1471,0,0,1,0
1472,0,0,1,0
1473,0,0,1,0
1474,0,0,1,0
1475,0,0,1,0
1476,0,0,1,0
1477,0,0,1,0
1478,0,0,1,0
1479,0,0,1,0
1480,0,0,1,0
1481,0,0,1,0
1482,0,0,1,0
1483,0,0,1,0
1484,0,0,1,0
1485,0,0,1,0
1486,0,0,1,0
1487,0,0,1,0
1488,0,0,1,0
1489,0,0,1,0
1490,0,0,1,0
1491,0,0,1,0
1492,0,0,1,0
1493,0,0,1,0
1494,0,0,1,0
1495,0,0,1,0
1496,0,0,1,0
1497,0,0,1,0
1498,0,0,1,0
1499,0,0,1,0
1500,0,0,1,0
1501,0,0,1,0
1502,0,0,1,0
1503,0,0,1,0
1504,0,0,1,0
1505,0,0,1,0
1506,0,0,1,0
1507,0,0,1,0
1508,0,0,1,0
1509,0,0,1,0
1510,0,0,1,0
1511,0,0,1,0
1512,0,0,1,0
1513,0,0,1,0
1514,1,0,0,0
1515,1,0,0,0
1516,1,0,0,0
1517,1,0,0,0
1518,1,0,0,0
1519,1,0,0,0
1520,1,0,0,0
1521,1,0,0,0
1522,1,0,0,0
1523,1,0,0,0
1524,1,0,0,0
1525,1,0,0,0
1526,1,0,0,0
1527,1,0,0,0
1528,1,0,0,0
1529,1,0,0,0
1530,1,0,0,0
1531,1,0,0,0
1532,1,0,0,0
1533,0,0,1,0
1534,0,0,1,0
1535,0,0,1,0
1536,0,0,1,0
1537,0,0,1,0
1538,0,0,1,0
1539,0,0,1,0
1540,0,0,1,0
1541,0,0,1,0
1542,0,0,1,0
1543,0,0,1,0
1544,0,0,1,0
1545,0,0,1,0
1546,0,0,1,0
1547,0,0,1,0
1548,0,0,1,0
1549,0,0,1,0
1550,0,0,1,0
1551,0,0,1,0
1552,0,0,1,0
1553,0,0,1,0
1554,0,0,1,0
1555,0,0,1,0
1556,0,0,1,0
1557,0,0,1,0
1558,0,0,1,0
1559,0,0,1,0
1560,0,0,1,0
1561,0,0,1,0
1562,0,0,1,0
1563,0,0,1,0
1564,0,0,1,0
1565,0,0,1,0
1566,0,0,1,0
1567,0,0,1,0
1568,0,0,1,0
1569,0,0,1,0
1570,0,0,1,0
1571,0,0,1,0
1572,0,0,1,0
1573,0,0,1,0
1574,0,0,1,0
1575,0,0,1,0
1576,0,0,1,0
1577,0,0,1,0
1578,0,0,1,0
1579,0,0,1,0
1580,0,0,1,0
1581,0,0,1,0
1582,0,0,1,0
1583,0,0,1,0
1584,0,0,1,0
1585,0,0,1,0
1586,0,0,1,0
1587,0,0,1,0
1588,0,0,1,0
1589,0,0,1,0
1590,0,0,1,0
1591,0,0,1,0
1592,0,0,1,0
1593,0,0,1,0
1594,0,0,1,0
1595,0,0,1,0
1596,0,0,1,0
1597,0,0,1,0
1598,0,0,1,0
1599,0,0,1,0
1600,0,0,1,0
1601,0,0,1,0
1602,0,0,1,0
1603,0,0,1,0
1604,0,0,1,0
1605,0,0,1,0
1606,0,0,1,0
1607,0,0,1,0
1608,0,0,1,0
1609,0,0,1,0
1610,0,0,1,0
1611,0,0,1,0
1612,0,0,1,0
1613,0,0,1,0
1614,0,0,1,0
1615,0,0,1,0
1616,0,0,1,0
1617,0,0,1,0
1618,0,0,1,0
1619,0,0,1,0
1620,0,0,1,0
1621,0,0,1,0
1622,0,0,1,0
1623,0,0,1,0
1624,0,0,1,0
1625,0,0,1,0
1626,0,0,1,0
1627,0,0,1,0
1628,0,0,1,0
1629,0,0,1,0
1630,0,0,1,0
1631,0,0,1,0
1632,0,0,1,0
1633,0,0,1,0
1634,0,0,1,0
1635,0,0,1,0
1636,0,0,1,0
1637,0,0,1,0
1638,0,0,1,0
1639,0,0,1,0
1640,0,0,1,0
1641,0,0,1,0
1642,0,0,1,0
1643,0,0,1,0
1644,0,0,1,0
1645,0,0,1,0
1646,0,0,1,0
1647,0,0,1,0
1648,0,0,1,0
1649,0,0,1,0
1650,0,0,1,0
1651,0,0,1,0
1652,0,0,1,0
1653,0,0,1,0
1654,0,0,1,0
1655,0,0,1,0
1656,0,0,1,0
1657,0,0,1,0
1658,0,0,1,0
1659,0,0,1,0
1660,0,0,1,0
1661,0,0,1,0
1662,0,0,1,0
1663,0,0,1,0
1664,0,0,1,0
1665,0,0,1,0
1666,0,0,1,0
1667,0,0,1,0
1668,0,0,1,0
1669,0,0,1,0
1670,0,0,1,0
1671,0,0,1,0
1672,0,0,1,0
1673,0,0,1,0
1674,0,0,1,0
1675,0,0,1,0
1676,0,0,1,0
1677,0,0,1,0
1678,0,0,1,0
1679,0,0,1,0
1680,0,0,1,0
1681,0,0,1,0
1682,0,0,1,0
1683,0,0,1,0
1684,0,0,1,0
1685,0,0,1,0
1686,0,0,1,0
1687,0,0,1,0
1688,0,0,1,0
1689,0,0,1,0
1690,0,0,1,0
1691,0,0,1,0
1692,0,0,1,0
1693,0,0,1,0
1694,0,0,1,0
1695,0,0,1,0
1696,0,0,1,0
1697,0,0,1,0
1698,0,0,1,0
1699,0,0,1,0
1700,0,0,1,0
1701,0,0,1,0
1702,0,0,1,0
1703,0,0,1,0
1704,0,0,1,0
1705,0,0,1,0
1706,0,0,1,0
1707,0,0,1,0
1708,0,0,1,0
1709,0,0,1,0
1710,0,0,1,0
1711,0,0,1,0
1712,0,0,1,0
1713,0,0,1,0
1714,0,0,1,0
1715,0,0,1,0
1716,0,0,1,0
1717,0,0,1,0
1718,0,0,1,0
1719,0,0,1,0
1720,0,0,1,0
1721,0,0,1,0
1722,0,0,1,0
1723,0,0,1,0
1724,0,0,1,0
1725,0,0,1,0
1726,0,0,1,0
1727,0,0,1,0
1728,0,0,1,0
1729,0,0,1,0
1730,0,0,1,0
1731,0,0,1,0
1732,0,0,1,0
1733,0,0,1,0
1734,0,0,1,0
1735,0,0,1,0
1736,0,0,1,0
1737,0,0,1,0
1738,0,0,1,0
1739,0,0,1,0
1740,0,0,1,0
1741,0,0,1,0
1742,0,0,1,0
1743,0,0,1,0
1744,0,0,1,0
1745,0,0,0,1
1746,0,0,0,1
1747,0,0,0,1
1748,0,0,0,1
1749,0,0,0,1
1750,0,0,0,1
1751,0,0,0,1
1752,0,0,0,1
1753,0,0,0,1
1754,0,0,0,1
1755,0,0,0,1
1756,0,0,0,1
1757,0,0,0,1
1758,0,0,0,1
1759,0,0,0,1
1760,0,0,0,1
1761,0,0,0,1
1762,0,0,0,1
1763,0,0,0,1
1764,0,0,0,1
1765,0,0,0,1
1766,0,0,0,1
1767,0,0,0,1
1768,0,0,0,1
1769,0,0,0,1
1770,0,0,0,1
1771,0,0,0,1
1772,0,0,0,1
1773,0,0,0,1
1774,0,0,0,1
1775,0,0,0,1
1776,0,0,0,1
1777,0,0,0,1
1778,0,0,0,1
1779,0,0,0,1
1780,0,0,0,1
1781,0,0,0,1
1782,0,0,0,1
1783,0,0,0,1
1784,0,0,0,1
1785,0,0,0,1
1786,0,0,0,1
1787,0,0,0,1
1788,0,0,0,1
1789,0,0,0,1
1790,0,0,0,1
1791,0,0,0,1
1792,0,0,0,1
1793,0,0,0,1
1794,0,0,0,1
1795,0,0,0,1
1796,0,0,0,1
1797,0,0,0,1
1798,0,0,0,1
1799,0,0,0,1
1800,0,0,0,1
1801,0,0,0,1
1802,0,0,0,1
1803,0,0,0,1
1804,0,0,0,1
1805,0,0,0,1
1806,0,0,0,1
1807,0,0,0,1
1808,0,0,0,1
1809,0,0,0,1
1810,0,0,0,1
1811,0,0,0,1
1812,0,0,0,1
1813,0,0,0,1
1814,0,0,0,1
1815,0,0,0,1
1816,0,0,0,1
1817,0,0,0,1
1818,0,0,0,1
1819,0,0,0,1
1820,0,0,0,1
1821,0,0,0,1
1822,0,0,0,1
1823,0,0,0,1
1824,0,0,0,1
1825,0,0,0,1
1826,0,0,0,1
1827,0,0,0,1
1828,0,0,0,1
1829,0,0,0,1
1830,0,0,0,1
1831,0,0,0,1
1832,0,0,0,1
1833,0,0,0,1
1834,0,0,0,1
1835,0,0,0,1
1836,0,0,0,1
1837,0,0,0,1
1838,0,0,0,1
1839,0,0,0,1
1840,0,0,0,1
1841,0,0,0,1
1842,1,0,0,0
1843,1,0,0,0
1844,1,0,0,0
1845,1,0,0,0
1846,1,0,0,0
1847,1,0,0,0
1848,1,0,0,0
1849,1,0,0,0
1850,1,0,0,0
1851,1,0,0,0
1852,1,0,0,0
1853,1,0,0,0
1854,1,0,0,0
1855,1,0,0,0
1856,1,0,0,0
1857,1,0,0,0
1858,1,0,0,0
1859,1,0,0,0
1860,0,0,1,0
1861,0,0,1,0
1862,0,0,1,0
1863,0,0,1,0
1864,0,0,1,0
1865,0,0,1,0
1866,0,0,1,0
1867,0,0,1,0
1868,0,0,1,0
1869,0,0,1,0
1870,0,0,1,0
1871,0,0,1,0
1872,0,0,1,0
1873,0,0,1,0
1874,0,0,1,0
1875,0,0,1,0
1876,0,0,1,0
1877,0,0,1,0
1878,0,0,1,0
1879,0,0,1,0
1880,0,0,1,0
1881,0,0,1,0
1882,0,0,1,0
1883,0,0,1,0
1884,0,0,1,0
1885,0,0,1,0
1886,0,0,1,0
1887,0,0,1,0
1888,0,0,1,0
1889,0,0,1,0
1890,0,0,1,0
1891,0,0,1,0
1892,0,0,1,0
1893,0,0,1,0
1894,0,0,1,0
1895,0,0,1,0
1896,0,0,1,0
1897,0,0,1,0
1898,0,0,1,0
1899,0,0,1,0
1900,0,0,1,0
1901,0,0,1,0
1902,0,0,1,0
1903,0,0,1,0
1904,0,0,1,0
1905,0,0,1,0
1906,0,0,1,0
1907,0,0,1,0
1908,0,0,1,0
1909,0,0,1,0
1910,0,0,1,0
1911,0,0,1,0
1912,0,0,1,0
1913,0,0,1,0
1914,0,0,1,0
1915,0,0,1,0
1916,0,0,1,0
1917,0,0,1,0
1918,0,0,1,0
1919,0,0,1,0
1920,0,0,1,0
1921,0,0,1,0
1922,0,0,1,0
1923,0,0,1,0
1924,0,0,1,0
1925,0,0,1,0
1926,0,0,1,0
1927,0,0,1,0
1928,0,0,1,0
1929,0,0,1,0
1930,0,0,1,0
1931,0,0,1,0
1932,0,0,1,0
1933,0,0,1,0
1934,0,0,1,0
1935,0,0,1,0
1936,0,0,1,0
1937,0,0,1,0
1938,0,0,1,0
1939,0,0,1,0
1940,0,0,1,0
1941,0,0,1,0
1942,0,0,1,0
1943,0,1,0,0
1944,0,1,0,0
1945,0,1,0,0
1946,0,1,0,0
1947,0,1,0,0
1948,0,1,0,0
1949,0,1,0,0
1950,0,1,0,0
1951,0,1,0,0
1952,0,1,0,0
1953,0,1,0,0
1954,0,1,0,0
1955,0,1,0,0
1956,0,1,0,0
1957,0,1,0,0
1958,0,1,0,0
1959,0,1,0,0
1960,0,1,0,0
1961,0,1,0,0
1962,0,1,0,0
1963,0,1,0,0
1964,0,1,0,0
1965,0,1,0,0
1966,0,1,0,0
1967,0,1,0,0
1968,0,1,0,0
1969,0,1,0,0
1970,0,1,0,0
1971,0,1,0,0
1972,0,1,0,0
1973,0,1,0,0
1974,0,1,0,0
1975,0,1,0,0
1976,0,1,0,0
1977,0,1,0,0
1978,0,1,0,0
1979,0,1,0,0
1980,0,1,0,0
1981,0,1,0,0
1982,0,1,0,0
1983,0,1,0,0
1984,0,1,0,0
1985,0,1,0,0
1986,0,1,0,0
1987,0,1,0,0
1988,0,1,0,0
1989,0,1,0,0
1990,0,1,0,0
1991,0,1,0,0
1992,0,1,0,0
1993,0,1,0,0
1994,0,1,0,0
1995,0,1,0,0
1996,0,1,0,0
1997,0,1,0,0
1998,0,1,0,0
1999,0,1,0,0
2000,0,1,0,0
2001,0,1,0,0
2002,0,1,0,0
2003,0,1,0,0
2004,0,1,0,0
2005,0,1,0,0
2006,0,1,0,0
2007,0,1,0,0
2008,0,1,0,0
2009,0,1,0,0
2010,0,1,0,0
2011,0,1,0,0
2012,0,1,0,0
2013,0,1,0,0
2014,0,1,0,0
2015,0,1,0,0
2016,0,1,0,0
2017,0,1,0,0
2018,0,1,0,0
2019,0,1,0,0
2020,0,1,0,0
2021,0,1,0,0
2022,0,1,0,0
2023,0,1,0,0
2024,0,1,0,0
2025,0,1,0,0
2026,0,1,0,0
2027,0,1,0,0
2028,0,1,0,0
2029,0,1,0,0
2030,0,1,0,0
2031,0,1,0,0
2032,0,1,0,0
2033,0,1,0,0
2034,0,1,0,0
2035,0,1,0,0
2036,0,1,0,0
2037,0,1,0,0
2038,0,1,0,0
2039,0,1,0,0
2040,0,1,0,0
2041,0,1,0,0
2042,0,1,0,0
2043,0,1,0,0
2044,0,1,0,0
2045,0,1,0,0
2046,0,1,0,0
2047,0,1,0,0
2048,0,1,0,0
2049,0,1,0,0
2050,0,1,0,0
2051,0,1,0,0
2052,0,1,0,0
2053,0,1,0,0
2054,0,1,0,0
2055,0,1,0,0
2056,0,1,0,0
2057,0,1,0,0
2058,0,1,0,0
2059,0,1,0,0
2060,0,1,0,0
2061,0,1,0,0
2062,0,1,0,0
2063,0,1,0,0
2064,0,1,0,0
2065,0,1,0,0
2066,0,1,0,0
2067,0,1,0,0
2068,0,1,0,0
2069,0,1,0,0
2070,0,1,0,0
2071,0,1,0,0
2072,0,1,0,0
2073,0,1,0,0
2074,0,1,0,0
2075,0,1,0,0
2076,0,1,0,0
2077,0,1,0,0
2078,0,1,0,0
2079,0,1,0,0
2080,0,1,0,0
2081,0,1,0,0
2082,0,1,0,0
2083,0,1,0,0
2084,0,1,0,0
2085,0,1,0,0
2086,0,1,0,0
2087,0,1,0,0
2088,0,1,0,0
2089,0,0,1,0
2090,0,0,1,0
2091,0,0,1,0
2092,0,0,1,0
2093,0,0,1,0
2094,0,0,1,0
2095,0,0,1,0
2096,0,0,1,0
2097,0,0,1,0
2098,0,0,1,0
2099,0,0,1,0
2100,0,0,1,0
2101,0,0,1,0
2102,0,0,1,0
2103,0,0,1,0
2104,0,0,1,0
2105,0,0,1,0
2106,0,0,1,0
2107,0,0,1,0
2108,0,0,1,0
2109,0,0,1,0
2110,0,0,1,0
2111,0,0,1,0
2112,0,0,1,0
2113,0,0,1,0
2114,0,0,1,0
2115,0,0,1,0
2116,0,0,1,0
2117,0,0,1,0
2118,0,0,1,0
2119,0,0,1,0
2120,0,0,1,0
2121,0,0,1,0
2122,0,0,1,0
2123,0,0,1,0
2124,0,0,1,0
2125,0,0,1,0
2126,0,0,1,0
2127,0,0,1,0
2128,0,0,1,0
2129,0,0,1,0
2130,0,0,1,0
2131,0,0,1,0
2132,0,0,1,0
2133,0,0,1,0
2134,0,0,1,0
2135,0,0,1,0
2136,0,0,1,0
2137,0,0,1,0
2138,0,0,1,0
2139,0,0,1,0
2140,0,0,1,0
2141,0,0,1,0
2142,0,0,1,0
2143,0,0,1,0
2144,0,0,1,0
2145,0,0,1,0
2146,0,0,1,0
2147,0,0,1,0
2148,0,0,1,0
2149,0,0,1,0
2150,0,0,1,0
2151,0,0,1,0
2152,0,0,1,0
2153,0,0,1,0
2154,0,0,1,0
2155,0,0,1,0
2156,0,0,1,0
2157,0,0,1,0
2158,0,0,1,0
2159,0,0,1,0
2160,0,0,1,0
2161,0,0,1,0
2162,0,0,1,0
2163,0,0,1,0
2164,0,0,1,0
2165,0,0,1,0
2166,0,0,1,0
2167,0,0,1,0
2168,0,0,1,0
2169,0,0,1,0
2170,0,0,1,0
2171,0,0,1,0
2172,0,0,1,0
2173,0,0,1,0
2174,0,0,1,0
2175,0,0,1,0
2176,0,0,1,0
2177,0,0,1,0
2178,0,0,1,0
2179,0,0,1,0
2180,0,0,1,0
2181,0,0,1,0
2182,0,0,1,0
2183,0,0,1,0
2184,0,0,1,0
2185,0,0,1,0
2186,0,0,1,0
2187,0,0,1,0
2188,0,0,1,0
2189,0,0,1,0
2190,0,0,1,0
2191,0,0,1,0
2192,0,0,1,0
2193,0,0,1,0
2194,0,0,1,0
2195,0,0,1,0
2196,0,0,1,0
2197,0,0,1,0
2198,0,0,1,0
2199,0,0,1,0
2200,0,0,1,0
2201,0,0,1,0
2202,0,0,1,0
2203,0,0,1,0
2204,0,0,1,0
2205,0,0,1,0
2206,0,0,1,0
2207,0,0,1,0
2208,0,0,1,0
2209,0,0,1,0
2210,0,0,1,0
2211,0,0,1,0
2212,0,0,1,0
2213,0,0,1,0
2214,0,0,1,0
2215,0,0,1,0
2216,0,0,1,0
2217,0,0,1,0
2218,0,0,1,0
2219,0,0,1,0
2220,0,0,1,0
2221,0,0,1,0
2222,0,0,1,0
2223,0,0,1,0
2224,0,0,1,0
2225,0,0,1,0
2226,0,0,1,0
2227,0,0,1,0
2228,0,0,1,0
2229,0,0,1,0
2230,0,0,1,0
2231,0,0,1,0
2232,0,0,1,0
2233,0,0,1,0
2234,0,0,1,0
2235,0,0,1,0
2236,0,0,1,0
2237,0,0,1,0
2238,0,0,1,0
2239,0,0,1,0
2240,0,0,1,0
2241,0,0,1,0
2242,0,0,1,0
2243,0,0,1,0
2244,0,0,1,0
2245,0,0,1,0
2246,0,0,1,0
2247,0,0,1,0
2248,0,0,1,0
2249,0,0,1,0
2250,0,0,1,0
2251,0,0,1,0
2252,0,0,1,0
2253,0,0,1,0
2254,0,0,1,0
2255,0,0,1,0
2256,0,0,1,0
2257,0,0,1,0
2258,0,0,1,0
2259,0,0,1,0
2260,0,0,1,0
2261,0,0,1,0
2262,0,0,1,0
2263,0,0,1,0
2264,0,0,1,0
2265,0,0,1,0
2266,0,0,1,0
2267,0,0,1,0
2268,0,0,1,0
2269,0,0,1,0
2270,0,0,1,0
2271,0,0,1,0
2272,0,0,1,0
2273,0,0,1,0
2274,0,0,1,0
2275,0,0,1,0
2276,0,0,1,0
2277,0,0,1,0
2278,0,0,1,0
2279,0,0,1,0
2280,0,0,1,0
2281,0,0,1,0
2282,0,0,1,0
2283,0,0,1,0
2284,0,0,1,0
2285,0,0,1,0
2286,0,0,1,0
2287,0,0,1,0
2288,0,0,1,0
2289,0,0,1,0
2290,0,0,1,0
2291,0,0,1,0
2292,0,0,1,0
2293,0,0,1,0
2294,0,0,1,0
2295,0,0,1,0
2296,0,0,1,0
2297,0,0,1,0
2298,0,0,1,0
2299,0,0,1,0
2300,0,0,1,0
2301,0,0,1,0
2302,0,0,1,0
2303,0,0,1,0
2304,0,0,1,0
2305,0,0,1,0
2306,0,0,1,0
2307,0,0,1,0
2308,0,0,1,0
2309,0,0,1,0
2310,0,0,1,0
2311,0,0,1,0
2312,0,0,1,0
2313,0,0,1,0
2314,0,0,1,0
2315,0,0,1,0
2316,0,0,0,1
2317,0,0,0,1
2318,0,0,0,1
2319,0,0,0,1
2320,0,0,0,1
2321,0,0,0,1
2322,0,0,0,1
2323,0,0,0,1
2324,0,0,0,1
2325,0,0,0,1
2326,0,0,0,1
2327,0,0,0,1
2328,0,0,0,1
2329,0,0,0,1
2330,0,0,0,1
2331,0,0,0,1
2332,0,0,0,1
2333,0,0,0,1
2334,0,0,0,1
2335,0,0,0,1
2336,0,0,0,1
2337,0,0,0,1
2338,0,0,0,1
2339,0,0,0,1
2340,0,0,0,1
2341,0,0,0,1
2342,0,0,0,1
2343,0,0,0,1
2344,0,0,0,1
2345,0,0,0,1
2346,0,0,0,1
2347,0,0,0,1
2348,0,0,0,1
2349,0,0,0,1
2350,0,0,0,1
2351,0,0,0,1
2352,0,0,0,1
2353,0,0,0,1
2354,0,0,0,1
2355,0,0,0,1
2356,0,0,0,1
2357,0,0,0,1
2358,0,0,0,1
2359,0,0,0,1
2360,0,0,0,1
2361,0,0,0,1
2362,0,0,0,1
2363,0,0,0,1
2364,0,0,0,1
2365,0,0,0,1
2366,0,0,0,1
2367,0,0,0,1
2368,0,0,0,1
2369,0,0,0,1
2370,0,0,0,1
2371,0,0,0,1
2372,0,0,0,1
2373,0,0,0,1
2374,0,0,0,1
2375,0,0,0,1
2376,0,0,0,1
2377,0,0,0,1
2378,0,0,0,1
2379,0,0,0,1
2380,0,0,0,1
2381,0,0,0,1
2382,0,0,0,1
2383,0,0,0,1
2384,0,0,0,1
2385,0,0,0,1
2386,0,0,0,1
2387,0,0,0,1
2388,0,0,0,1
2389,0,0,0,1
2390,0,0,0,1
2391,0,0,0,1
2392,0,0,0,1
2393,0,0,0,1
2394,0,0,0,1
2395,0,0,0,1
2396,0,0,0,1
2397,0,0,0,1
2398,0,0,0,1
2399,0,0,0,1
2400,0,0,0,1
2401,0,0,0,1
2402,0,0,0,1
2403,0,0,0,1
2404,0,0,0,1
2405,0,0,0,1
2406,0,0,0,1
2407,0,0,0,1
2408,0,0,0,1
2409,0,0,0,1
2410,0,0,0,1
2411,0,0,0,1
2412,0,0,0,1
2413,0,0,0,1
2414,0,0,0,1
2415,0,0,0,1
2416,0,0,0,1
2417,0,0,0,1
2418,0,0,0,1
2419,0,0,0,1
2420,0,0,0,1
2421,0,0,0,1
2422,0,0,0,1
2423,0,0,0,1
2424,0,0,0,1
2425,0,0,0,1
2426,0,0,0,1
2427,0,0,0,1
2428,0,0,0,1
2429,0,0,0,1
2430,0,0,0,1
2431,0,0,0,1
2432,0,0,0,1
2433,0,0,0,1
2434,0,0,0,1
2435,0,0,0,1
2436,0,0,0,1
2437,0,0,0,1
2438,0,0,0,1
2439,0,0,0,1
2440,0,0,0,1
2441,0,0,0,1
2442,0,0,0,1
2443,0,0,0,1
2444,0,0,0,1
2445,0,0,0,1
2446,0,0,0,1
2447,0,0,0,1
2448,0,0,0,1
2449,0,0,0,1
2450,0,0,0,1
2451,0,0,0,1
2452,0,0,0,1
2453,0,0,0,1
2454,0,0,0,1
2455,0,0,0,1
2456,0,0,0,1
2457,0,0,0,1
2458,0,0,0,1
2459,0,0,0,1
2460,0,0,0,1
2461,0,0,0,1
2462,0,0,0,1
2463,0,0,0,1
2464,0,0,0,1
2465,0,0,0,1
2466,0,0,0,1
2467,0,0,0,1
2468,0,0,0,1
2469,0,0,0,1
2470,0,0,0,1
2471,0,0,0,1
2472,0,0,0,1
2473,0,0,0,1
2474,0,0,0,1
2475,0,0,0,1
2476,0,0,0,1
2477,0,0,0,1
2478,0,0,0,1
2479,0,0,0,1
2480,0,0,0,1
2481,0,0,0,1
2482,0,0,0,1
2483,0,0,0,1
2484,0,0,0,1
2485,0,0,0,1
2486,0,0,0,1
2487,0,0,0,1
2488,0,0,0,1
2489,0,0,0,1
2490,0,0,0,1
2491,0,0,0,1
2492,0,0,0,1
2493,0,0,0,1
2494,0,0,0,1
2495,0,0,0,1
2496,0,0,0,1
2497,0,0,0,1
2498,0,0,0,1
2499,0,0,0,1
2500,0,0,0,1
2501,0,0,0,1
2502,0,0,0,1
2503,0,0,0,1
2504,0,0,0,1
2505,0,0,0,1
2506,0,0,0,1
2507,0,0,0,1
2508,0,0,0,1
2509,0,0,0,1
2510,0,0,0,1
2511,0,0,0,1
2512,0,0,0,1
2513,0,0,0,1
2514,0,0,0,1
2515,0,0,0,1
2516,0,0,0,1
2517,0,0,0,1
2518,0,0,0,1
2519,0,0,0,1
2520,0,0,0,1
2521,0,0,0,1
2522,0,0,0,1
2523,0,0,0,1
2524,0,0,0,1
2525,0,0,0,1
2526,0,0,0,1
2527,0,0,0,1
2528,0,0,0,1
2529,0,0,0,1
2530,0,0,0,1
2531,0,0,0,1
2532,0,0,0,1
2533,0,0,0,1
2534,0,0,0,1
2535,0,0,0,1
2536,0,0,0,1
2537,0,0,0,1
2538,0,0,0,1
2539,0,0,0,1
2540,0,0,0,1
2541,0,0,0,1
2542,0,0,0,1
2543,0,0,0,1
2544,0,0,0,1
2545,0,0,0,1
2546,0,0,0,1
2547,0,0,0,1
2548,0,0,0,1
2549,0,0,0,1
2550,0,0,0,1
2551,0,0,0,1
2552,0,0,0,1
2553,0,0,0,1
2554,0,0,0,1
2555,0,0,0,1
2556,0,0,0,1
2557,0,0,0,1
2558,0,0,0,1
2559,0,0,0,1
2560,0,0,0,1
2561,0,0,0,1
2562,0,0,0,1
2563,0,0,0,1
2564,0,0,0,1
2565,0,0,0,1
2566,0,0,0,1
2567,0,0,0,1
2568,0,0,0,1
2569,0,0,0,1
2570,0,0,0,1
2571,0,0,0,1
2572,0,0,0,1
2573,0,0,0,1
2574,0,0,0,1
2575,0,0,0,1
2576,0,0,0,1
2577,0,0,0,1
2578,0,0,0,1
2579,0,0,0,1
2580,0,0,0,1
2581,0,0,0,1
2582,0,0,0,1
2583,0,0,0,1
2584,0,0,0,1
2585,0,0,0,1
2586,0,0,0,1
2587,0,0,0,1
2588,0,0,0,1
2589,0,0,0,1
2590,0,0,0,1
2591,0,0,0,1
2592,0,0,0,1
2593,0,0,0,1
2594,0,0,0,1
2595,0,0,0,1
2596,0,0,0,1
2597,0,0,0,1
2598,0,0,0,1
2599,0,0,0,1
2600,0,0,0,1
2601,0,0,0,1
2602,0,0,0,1
2603,0,0,0,1
2604,0,0,0,1
2605,0,0,0,1
2606,0,0,0,1
2607,0,0,0,1
2608,0,0,0,1
2609,0,0,0,1
2610,0,0,0,1
2611,0,0,0,1
2612,0,0,0,1
2613,0,0,0,1
2614,0,0,0,1
2615,0,0,0,1
2616,0,0,0,1
2617,0,0,0,1
2618,0,0,0,1
2619,0,0,0,1
2620,0,0,0,1
2621,0,0,0,1
2622,0,0,0,1
2623,0,0,0,1
2624,0,0,0,1
2625,0,0,0,1
2626,0,0,0,1
2627,0,0,0,1
2628,0,0,0,1
2629,0,0,0,1
2630,0,0,0,1
2631,0,0,0,1
2632,0,0,0,1
2633,0,0,0,1
2634,0,0,0,1
2635,0,0,0,1
2636,0,0,0,1
2637,0,0,0,1
2638,0,0,0,1
2639,0,0,0,1
2640,0,0,0,1
2641,0,0,0,1
2642,0,0,0,1
2643,0,0,0,1
2644,0,0,0,1
2645,0,0,0,1
2646,0,0,0,1
2647,0,0,0,1
2648,0,0,0,1
2649,0,0,0,1
2650,0,0,0,1
2651,0,0,0,1
2652,0,0,0,1
2653,0,0,0,1
2654,0,0,0,1
2655,0,0,0,1
2656,0,0,0,1
2657,0,0,0,1
2658,0,0,0,1
2659,0,0,0,1
2660,0,0,0,1
2661,0,0,0,1
2662,0,0,0,1
2663,0,0,0,1
2664,0,0,0,1
2665,0,0,0,1
2666,0,0,0,1
2667,0,0,0,1
2668,0,0,0,1
2669,0,0,0,1
2670,0,0,0,1
2671,0,0,0,1
2672,0,0,0,1
2673,0,0,0,1
2674,0,0,0,1
2675,0,0,0,1
2676,0,0,0,1
2677,0,0,0,1
2678,0,0,0,1
2679,0,0,0,1
2680,0,0,0,1
2681,0,0,0,1
2682,0,0,0,1
2683,0,0,0,1
2684,0,0,0,1
2685,0,0,0,1
2686,0,0,0,1
2687,0,0,0,1
2688,0,0,0,1
2689,0,0,0,1
2690,0,0,0,1
2691,0,0,0,1
2692,0,0,0,1
2693,0,0,0,1
2694,0,0,0,1
2695,0,0,0,1
2696,0,0,0,1
2697,0,0,0,1
2698,0,0,0,1
2699,0,0,0,1
2700,0,0,0,1
2701,0,0,0,1
2702,0,0,0,1
2703,0,0,0,1
2704,0,0,0,1
2705,0,0,0,1
2706,0,0,0,1
2707,0,0,0,1
2708,0,0,0,1
2709,0,0,0,1
2710,0,0,0,1
2711,0,0,0,1
2712,0,0,0,1
2713,0,0,0,1
2714,0,0,0,1
2715,0,0,0,1
2716,0,0,0,1
2717,0,0,0,1
2718,0,0,0,1
2719,0,0,0,1
2720,0,0,0,1
2721,0,0,0,1
2722,0,0,0,1
2723,0,0,0,1
2724,0,0,0,1
2725,0,0,0,1
2726,0,0,0,1
2727,0,0,0,1
2728,0,0,0,1
2729,0,0,0,1
2730,0,0,0,1
2731,0,0,0,1
2732,0,0,0,1
2733,0,0,0,1
2734,0,0,0,1
2735,0,0,0,1
2736,0,0,0,1
2737,0,0,0,1
2738,0,0,0,1
2739,0,0,0,1
2740,0,0,0,1
2741,0,0,0,1
2742,0,0,0,1
2743,0,0,0,1
2744,0,0,0,1
2745,0,0,0,1
2746,0,0,0,1
2747,0,0,0,1
2748,0,0,0,1
2749,0,0,0,1
2750,0,0,0,1
2751,0,0,0,1
2752,0,0,0,1
2753,0,0,0,1
2754,0,0,0,1
2755,0,0,0,1
2756,0,0,0,1
2757,0,0,0,1
2758,0,0,0,1
2759,0,0,0,1
2760,0,0,0,1
2761,0,0,0,1
2762,0,0,0,1
2763,0,0,0,1
2764,0,0,0,1
2765,0,0,0,1
2766,0,0,0,1
2767,0,0,0,1
2768,0,0,0,1
2769,0,0,0,1
2770,0,0,0,1
2771,0,0,0,1
2772,0,0,0,1
2773,0,0,0,1
2774,0,0,0,1
2775,0,0,0,1
2776,0,0,0,1
2777,0,0,0,1
2778,0,0,0,1
2779,0,0,0,1
2780,0,0,0,1
2781,0,0,0,1
2782,0,0,0,1
2783,0,0,0,1
2784,0,0,0,1
2785,0,0,0,1
2786,0,0,0,1
2787,0,0,0,1
2788,0,0,0,1
2789,0,0,0,1
2790,0,0,0,1
2791,0,0,0,1
2792,0,0,0,1
2793,0,0,0,1
2794,0,0,0,1
2795,0,0,0,1
2796,0,0,0,1
2797,0,0,0,1
2798,0,0,0,1
2799,0,0,0,1
2800,0,0,0,1
2801,0,0,0,1
2802,0,0,0,1
2803,0,0,0,1
2804,0,0,0,1
2805,0,0,0,1
2806,0,0,0,1
2807,0,0,0,1
2808,0,0,0,1
2809,0,0,0,1
2810,0,0,0,1
2811,0,0,0,1
2812,0,0,0,1
2813,0,0,0,1
2814,0,0,0,1
2815,0,0,0,1
2816,0,0,0,1
2817,0,0,0,1
2818,0,0,0,1
2819,0,0,0,1
2820,0,0,0,1
2821,0,0,0,1
2822,0,0,0,1
2823,0,0,0,1
2824,0,0,0,1
2825,0,0,0,1
2826,0,0,0,1
2827,0,0,0,1
2828,0,0,0,1
2829,0,0,0,1
2830,0,0,0,1
2831,0,0,0,1
2832,0,0,0,1
2833,0,0,0,1
2834,0,0,0,1
2835,0,0,0,1
2836,0,0,0,1
2837,0,0,0,1
2838,0,0,0,1
2839,0,0,0,1
2840,0,0,0,1
2841,0,0,0,1
2842,0,0,0,1
2843,0,0,0,1
2844,0,0,0,1
2845,0,0,0,1
2846,0,0,0,1
2847,0,0,0,1
2848,0,0,0,1
2849,0,0,0,1
2850,0,0,0,1
2851,0,0,0,1
2852,0,0,0,1
2853,0,0,0,1
2854,0,0,0,1
2855,0,0,0,1
2856,0,0,0,1
2857,0,0,0,1
2858,0,0,0,1
2859,0,0,0,1
2860,0,0,0,1
2861,0,0,0,1
2862,0,0,0,1
2863,0,0,0,1
2864,0,0,0,1
2865,0,0,0,1
2866,0,0,0,1
2867,0,0,0,1
2868,0,0,0,1
2869,0,0,0,1
2870,0,0,0,1
2871,0,0,0,1
2872,0,0,0,1
2873,0,0,0,1
2874,0,0,0,1
2875,0,0,0,1
2876,0,0,0,1
2877,0,0,0,1
2878,0,0,0,1
2879,0,0,0,1
2880,0,0,0,1
2881,0,0,0,1
2882,0,0,0,1
2883,0,0,0,1
2884,0,0,0,1
2885,0,0,0,1
2886,0,0,0,1
2887,0,0,0,1
2888,0,0,0,1
2889,0,0,0,1
2890,0,0,0,1
2891,0,0,0,1
2892,0,0,0,1
2893,0,0,0,1
2894,0,0,0,1
2895,0,0,0,1
2896,0,0,0,1
2897,0,0,0,1
2898,0,0,0,1
2899,0,0,0,1
2900,0,0,0,1
2901,0,0,0,1
2902,0,0,0,1
2903,0,0,0,1
2904,0,0,0,1
2905,0,0,0,1
2906,0,0,0,1
2907,0,0,0,1
2908,0,0,0,1
2909,0,0,0,1
2910,0,0,0,1
2911,0,0,0,1
2912,0,0,0,1
2913,0,0,0,1
2914,0,0,0,1
2915,0,0,0,1
2916,0,0,0,1
2917,0,0,0,1
2918,0,0,0,1
2919,0,0,0,1
2920,0,0,0,1
2921,0,0,0,1
2922,0,0,0,1
2923,0,0,0,1
2924,0,0,0,1
2925,0,0,0,1
2926,0,0,0,1
2927,0,0,0,1
2928,0,0,0,1
2929,0,0,0,1
2930,0,0,0,1
2931,0,0,0,1
2932,0,0,0,1
2933,0,0,0,1
2934,0,0,0,1
2935,0,0,0,1
2936,0,0,0,1
2937,0,0,0,1
2938,0,0,0,1
2939,0,0,0,1
2940,0,0,0,1
2941,0,0,0,1
2942,0,0,0,1
2943,0,0,0,1
2944,0,0,0,1
2945,0,0,0,1
2946,0,0,0,1
2947,0,0,0,1
2948,0,0,0,1
2949,0,0,0,1
2950,0,0,0,1
2951,0,0,0,1
2952,0,0,0,1
2953,0,0,0,1
2954,0,0,0,1
2955,0,0,0,1
2956,0,0,0,1
2957,0,0,0,1
2958,0,0,0,1
2959,0,0,0,1
2960,0,0,0,1
2961,0,0,0,1
2962,0,0,0,1
2963,0,0,0,1
2964,0,0,0,1
2965,0,0,0,1
2966,0,0,0,1
2967,0,0,0,1
2968,0,0,0,1
2969,0,0,0,1
2970,0,0,0,1
2971,0,0,0,1
2972,0,0,0,1
2973,0,0,0,1
2974,0,0,0,1
2975,0,0,0,1
2976,0,0,0,1
2977,0,0,0,1
2978,0,0,0,1
2979,0,0,0,1
2980,0,0,0,1
2981,0,0,0,1
2982,0,0,0,1
2983,0,0,0,1
2984,0,0,0,1
2985,0,0,0,1
2986,0,0,0,1
2987,0,0,0,1
2988,0,0,0,1
2989,0,0,0,1
2990,0,0,0,1
2991,0,0,0,1
2992,0,0,0,1
2993,0,0,0,1
2994,0,0,0,1
2995,0,0,0,1
2996,0,0,0,1
2997,0,0,0,1
2998,0,0,0,1
2999,0,0,0,1
3000,0,0,0,1
